"product_id","de_title","base_handle","en_title","en_title_outdated","current_en_handle","current_en_handle_outdated","target_en_handle","status","needs_en_handle_write","collection_target_collision","store_base_handle_collision","store_en_handle_collision","market_specific_en_title_count","market_specific_en_handle_count"
"gid://shopify/Product/11015545749842","Fototapete Koi mit Lotusblüten","fototapete-koi-mit-lotusblueten","Koi Wall Mural with Lotus Flowers","false","koi-wall-mural-with-lotus-flowers","true","koi-wall-mural-with-lotus-flowers","EXACT_EN_HANDLE_BUT_OUTDATED","true","false","false","false","0","0"
"gid://shopify/Product/11004616278354","Fototapete Schwarzer Marmor mit Goldadern","fototapete-schwarzer-marmor-mit-goldadern","","","","","","BLOCKED_EN_TITLE_MISSING","false","false","false","false","0","0"
"gid://shopify/Product/11015545225554","Fototapete Traumwal über den Wolken","fototapete-traumwal-ueber-den-wolken","","","","","","BLOCKED_EN_TITLE_MISSING","false","false","false","false","0","0"
"gid://shopify/Product/11015545094482","Fototapete Korallenrote Blüten","fototapete-korallenrote-blueten","","","","","","BLOCKED_EN_TITLE_MISSING","false","false","false","false","0","0"
"gid://shopify/Product/11003302379858","Fototapete Türkiser Marmor mit Koralle","fototapete-tuerkiser-marmor-mit-koralle","","","","","","BLOCKED_EN_TITLE_MISSING","false","false","false","false","0","0"
"gid://shopify/Product/11003300381010","Fototapete Pastell Marmor mit Türkis und Gold","fototapete-pastell-marmor-mit-tuerkis-und-gold","","","","","","BLOCKED_EN_TITLE_MISSING","false","false","false","false","0","0"
"gid://shopify/Product/11002556678482","Fototapete Pastellblumen auf petrolfarbenem Hintergrund","fototapete-pastellblumen-auf-petrolfarbenem-hintergrund","","","","","","BLOCKED_EN_TITLE_MISSING","false","false","false","false","0","0"
"gid://shopify/Product/11002529055058","Fototapete Schneeberg über den Wolken","fototapete-schneeberg-ueber-den-wolken","","","","","","BLOCKED_EN_TITLE_MISSING","false","false","false","false","0","0"
"gid://shopify/Product/10997724250450","Fototapete Magisches Einhorn mit Herzen und Regenbogen für Mädchenzimmer","fototapete-magisches-einhorn-mit-herzen-und-regenbogen-fuer-maedchenzimmer","","","","","","BLOCKED_EN_TITLE_MISSING","false","false","false","false","0","0"
"gid://shopify/Product/11015546110290","0 BASE","0-base","","","","","","BLOCKED_EN_TITLE_MISSING","false","false","false","false","0","0"
"gid://shopify/Product/11015545684306","Fototapete Leopard im tropischen Blütenparadies","fototapete-leopard-im-tropischen-bluetenparadies","","","","","","BLOCKED_EN_TITLE_MISSING","false","false","false","false","0","0"
"gid://shopify/Product/11015545553234","Fototapete Koi in goldenen Wellen","fototapete-koi-in-goldenen-wellen","","","","","","BLOCKED_EN_TITLE_MISSING","false","false","false","false","0","0"
"gid://shopify/Product/11015545389394","Fototapete Leopardenmuster Beige","fototapete-leopardenmuster-beige","","","","","","BLOCKED_EN_TITLE_MISSING","false","false","false","false","0","0"
"gid://shopify/Product/11015545356626","Fototapete Jaguar im tropischen Paradies","fototapete-jaguar-im-tropischen-paradies","","","","","","BLOCKED_EN_TITLE_MISSING","false","false","false","false","0","0"
"gid://shopify/Product/11004617490770","Fototapete Tropische Blätter in Pastell","fototapete-tropische-blaetter-in-pastell","","","","","","BLOCKED_EN_TITLE_MISSING","false","false","false","false","0","0"
"gid://shopify/Product/11004617130322","Fototapete Beiger Marmor","fototapete-beiger-marmor","","","","","","BLOCKED_EN_TITLE_MISSING","false","false","false","false","0","0"
"gid://shopify/Product/11004616769874","Fototapete Brauner Marmor mit Goldadern","fototapete-brauner-marmor-mit-goldadern","","","","","","BLOCKED_EN_TITLE_MISSING","false","false","false","false","0","0"
"gid://shopify/Product/11004616147282","Fototapete Schwarze Betonoptik","fototapete-schwarze-betonoptik","","","","","","BLOCKED_EN_TITLE_MISSING","false","false","false","false","0","0"
"gid://shopify/Product/11004615950674","Fototapete Weißer Onyx","fototapete-weisser-onyx","","","","","","BLOCKED_EN_TITLE_MISSING","false","false","false","false","0","0"
"gid://shopify/Product/11004615819602","Fototapete Weißer Carrara Marmor","fototapete-weisser-carrara-marmor","","","","","","BLOCKED_EN_TITLE_MISSING","false","false","false","false","0","0"
"gid://shopify/Product/11004613787986","Fototapete Strukturputz Beige","fototapete-strukturputz-beige","","","","","","BLOCKED_EN_TITLE_MISSING","false","false","false","false","0","0"
"gid://shopify/Product/11003302936914","Fototapete Mintfarbener Marmor mit Gold","fototapete-mintfarbener-marmor-mit-gold","","","","","","BLOCKED_EN_TITLE_MISSING","false","false","false","false","0","0"
"gid://shopify/Product/11003302642002","Fototapete Weißer Marmor mit Goldadern","fototapete-weisser-marmor-mit-goldadern","","","","","","BLOCKED_EN_TITLE_MISSING","false","false","false","false","0","0"
"gid://shopify/Product/11003302216018","Fototapete Blauer Marmor mit Goldadern","fototapete-blauer-marmor-mit-goldadern","","","","","","BLOCKED_EN_TITLE_MISSING","false","false","false","false","0","0"
"gid://shopify/Product/11003301953874","Fototapete Heller Marmor in Blau und Gold","fototapete-heller-marmor-in-blau-und-gold","","","","","","BLOCKED_EN_TITLE_MISSING","false","false","false","false","0","0"
"gid://shopify/Product/11003301658962","Fototapete Smaragdgrüner Marmor mit Gold","fototapete-smaragdgruener-marmor-mit-gold","","","","","","BLOCKED_EN_TITLE_MISSING","false","false","false","false","0","0"
"gid://shopify/Product/11003301560658","Fototapete Marmor in Pink und Blau","fototapete-marmor-in-pink-und-blau","","","","","","BLOCKED_EN_TITLE_MISSING","false","false","false","false","0","0"
"gid://shopify/Product/11003301364050","Fototapete Salbeigrüner Marmor mit Gold","fototapete-salbeigruener-marmor-mit-gold","","","","","","BLOCKED_EN_TITLE_MISSING","false","false","false","false","0","0"
"gid://shopify/Product/11003301101906","Fototapete Pastell Marmor in Rosa und Türkis","fototapete-pastell-marmor-in-rosa-und-tuerkis","","","","","","BLOCKED_EN_TITLE_MISSING","false","false","false","false","0","0"
"gid://shopify/Product/11003301036370","Fototapete Pastell Marmor in Rosa und Hellblau","fototapete-pastell-marmor-in-rosa-und-hellblau","","","","","","BLOCKED_EN_TITLE_MISSING","false","false","false","false","0","0"
"gid://shopify/Product/11003300872530","Fototapete Aquarell Marmor in Salbeigrün und Gold","fototapete-aquarell-marmor-in-salbeigruen-und-gold","","","","","","BLOCKED_EN_TITLE_MISSING","false","false","false","false","0","0"
"gid://shopify/Product/11003300708690","Fototapete Rosa Wellen mit goldenen Akzenten","fototapete-rosa-wellen-mit-goldenen-akzenten","","","","","","BLOCKED_EN_TITLE_MISSING","false","false","false","false","0","0"
"gid://shopify/Product/11003300577618","Fototapete Ginkgo Linien in Gold und Aquarell","fototapete-ginkgo-linien-in-gold-und-aquarell","","","","","","BLOCKED_EN_TITLE_MISSING","false","false","false","false","0","0"
"gid://shopify/Product/11003300282706","Fototapete Pastell Marmor mit goldenen Linien","fototapete-pastell-marmor-mit-goldenen-linien","","","","","","BLOCKED_EN_TITLE_MISSING","false","false","false","false","0","0"
"gid://shopify/Product/11003300086098","Fototapete Türkise Marmorstruktur mit goldenen Details","fototapete-tuerkise-marmorstruktur-mit-goldenen-details","","","","","","BLOCKED_EN_TITLE_MISSING","false","false","false","false","0","0"
"gid://shopify/Product/11003300053330","Fototapete Dunkle Marmorstruktur mit goldenen Akzenten","fototapete-dunkle-marmorstruktur-mit-goldenen-akzenten","","","","","","BLOCKED_EN_TITLE_MISSING","false","false","false","false","0","0"
"gid://shopify/Product/11002607894866","Fototapete Pfingstrosen mit zarten Blüten im Abendlicht","fototapete-pfingstrosen-mit-zarten-blueten-im-abendlicht","","","","","","BLOCKED_EN_TITLE_MISSING","false","false","false","false","0","0"
"gid://shopify/Product/11002557071698","Fototapete Elegante Lilien in zarten Rosétönen","fototapete-elegante-lilien-in-zarten-rosetoenen","","","","","","BLOCKED_EN_TITLE_MISSING","false","false","false","false","0","0"
"gid://shopify/Product/11002556219730","Fototapete Tropische Blüten mit Monstera-Blättern","fototapete-tropische-blueten-mit-monstera-blaettern","","","","","","BLOCKED_EN_TITLE_MISSING","false","false","false","false","0","0"
"gid://shopify/Product/11002555728210","Fototapete Elegante Pfingstrosen im Abendlicht","fototapete-elegante-pfingstrosen-im-abendlicht","","","","","","BLOCKED_EN_TITLE_MISSING","false","false","false","false","0","0"
"gid://shopify/Product/11002555334994","Fototapete Zarte Kirschblüten in Rosé","fototapete-zarte-kirschblueten-in-rose","","","","","","BLOCKED_EN_TITLE_MISSING","false","false","false","false","0","0"
"gid://shopify/Product/11002555236690","Fototapete Romantischer Blumenmix in Pastell","fototapete-romantischer-blumenmix-in-pastell","","","","","","BLOCKED_EN_TITLE_MISSING","false","false","false","false","0","0"
"gid://shopify/Product/11002555040082","Fototapete Sanfte Pfingstrosen in Pastell","fototapete-sanfte-pfingstrosen-in-pastell","","","","","","BLOCKED_EN_TITLE_MISSING","false","false","false","false","0","0"
"gid://shopify/Product/11002554843474","Fototapete Zarte Pfingstrosen auf hellem Hintergrund","fototapete-zarte-pfingstrosen-auf-hellem-hintergrund","","","","","","BLOCKED_EN_TITLE_MISSING","false","false","false","false","0","0"
"gid://shopify/Product/11002554777938","Fototapete Zarte Pfingstrosen in Rosé","fototapete-zarte-pfingstrosen-in-rose","","","","","","BLOCKED_EN_TITLE_MISSING","false","false","false","false","0","0"
"gid://shopify/Product/11002554581330","Fototapete Blaue Blüte mit goldenen Akzenten","fototapete-blaue-bluete-mit-goldenen-akzenten","","","","","","BLOCKED_EN_TITLE_MISSING","false","false","false","false","0","0"
"gid://shopify/Product/11002554384722","Fototapete Elegante Blüten in Petrol und Gold","fototapete-elegante-blueten-in-petrol-und-gold","","","","","","BLOCKED_EN_TITLE_MISSING","false","false","false","false","0","0"
"gid://shopify/Product/11002554188114","Fototapete Leuchtende Blüten bei Nacht","fototapete-leuchtende-blueten-bei-nacht","","","","","","BLOCKED_EN_TITLE_MISSING","false","false","false","false","0","0"
"gid://shopify/Product/11002553991506","Fototapete Elegante Dahlien auf schwarzem Hintergrund","fototapete-elegante-dahlien-auf-schwarzem-hintergrund","","","","","","BLOCKED_EN_TITLE_MISSING","false","false","false","false","0","0"
"gid://shopify/Product/11002553893202","Fototapete Zarte Blütenblätter in Pastellfarben","fototapete-zarte-bluetenblaetter-in-pastellfarben","","","","","","BLOCKED_EN_TITLE_MISSING","false","false","false","false","0","0"
"gid://shopify/Product/11002553532754","Fototapete Abstrakte Blütenkomposition in Pastellfarben","fototapete-abstrakte-bluetenkomposition-in-pastellfarben","","","","","","BLOCKED_EN_TITLE_MISSING","false","false","false","false","0","0"
"gid://shopify/Product/11002553106770","Fototapete Ausdrucksstarke Blumenkomposition","fototapete-ausdrucksstarke-blumenkomposition","","","","","","BLOCKED_EN_TITLE_MISSING","false","false","false","false","0","0"
"gid://shopify/Product/11002538983762","Fototapete Türkise Meeresküste aus der Vogelperspektive","fototapete-tuerkise-meereskueste-aus-der-vogelperspektive","","","","","","BLOCKED_EN_TITLE_MISSING","false","false","false","false","0","0"
"gid://shopify/Product/11002538819922","Fototapete Tropische Lagune mit Longtail-Booten","fototapete-tropische-lagune-mit-longtail-booten","","","","","","BLOCKED_EN_TITLE_MISSING","false","false","false","false","0","0"
"gid://shopify/Product/11002528923986","Fototapete Bergsee mit majestätischem Alpenpanorama","fototapete-bergsee-mit-majestaetischem-alpenpanorama","","","","","","BLOCKED_EN_TITLE_MISSING","false","false","false","false","0","0"
"gid://shopify/Product/11002528858450","Fototapete Bergsee mit schneebedeckten Gipfeln","fototapete-bergsee-mit-schneebedeckten-gipfeln","","","","","","BLOCKED_EN_TITLE_MISSING","false","false","false","false","0","0"
"gid://shopify/Product/11002528760146","Fototapete Grüne Berglandschaft mit schneebedeckten Gipfeln","fototapete-gruene-berglandschaft-mit-schneebedeckten-gipfeln","","","","","","BLOCKED_EN_TITLE_MISSING","false","false","false","false","0","0"
"gid://shopify/Product/11002512015698","Fototapete Türkisblauer Traumstrand aus der Vogelperspektive","fototapete-tuerkisblauer-traumstrand-aus-der-vogelperspektive","","","","","","BLOCKED_EN_TITLE_MISSING","false","false","false","false","0","0"
"gid://shopify/Product/11002511917394","Fototapete Tropischer Strand bei Sonnenuntergang","fototapete-tropischer-strand-bei-sonnenuntergang","","","","","","BLOCKED_EN_TITLE_MISSING","false","false","false","false","0","0"
"gid://shopify/Product/11002511720786","Fototapete Sandweg zum sonnigen Traumstrand","fototapete-sandweg-zum-sonnigen-traumstrand","","","","","","BLOCKED_EN_TITLE_MISSING","false","false","false","false","0","0"
"gid://shopify/Product/11002511491410","Fototapete Tropischer Strand im goldenen Sonnenuntergang","fototapete-tropischer-strand-im-goldenen-sonnenuntergang","","","","","","BLOCKED_EN_TITLE_MISSING","false","false","false","false","0","0"
"gid://shopify/Product/11002511425874","Fototapete Tropischer Sandstrand mit Palmen und türkisem Meer","fototapete-tropischer-sandstrand-mit-palmen-und-tuerkisem-meer","","","","","","BLOCKED_EN_TITLE_MISSING","false","false","false","false","0","0"
"gid://shopify/Product/11002511262034","Fototapete Goldene Wildblumen im Morgenlicht","fototapete-goldene-wildblumen-im-morgenlicht","","","","","","BLOCKED_EN_TITLE_MISSING","false","false","false","false","0","0"
"gid://shopify/Product/11002511098194","Fototapete Pastellhimmel im Abendlicht","fototapete-pastellhimmel-im-abendlicht","","","","","","BLOCKED_EN_TITLE_MISSING","false","false","false","false","0","0"
"gid://shopify/Product/11000858247506","Fototapete Pastellwolken im Sonnenaufgang","fototapete-pastellwolken-im-sonnenaufgang","","","","","","BLOCKED_EN_TITLE_MISSING","false","false","false","false","0","0"
"gid://shopify/Product/11000856084818","Fototapete Sonnenuntergang am ruhigen Sandstrand","fototapete-sonnenuntergang-am-ruhigen-sandstrand","","","","","","BLOCKED_EN_TITLE_MISSING","false","false","false","false","0","0"
"gid://shopify/Product/11000852185426","Fototapete Pastellhimmel mit Lichtreflexen und Wolken","fototapete-pastellhimmel-mit-lichtreflexen-und-wolken","","","","","","BLOCKED_EN_TITLE_MISSING","false","false","false","false","0","0"
"gid://shopify/Product/11000845795666","Fototapete Tropischer Pflanzenwald in sanften Grüntönen","fototapete-tropischer-pflanzenwald-in-sanften-gruentoenen","","","","","","BLOCKED_EN_TITLE_MISSING","false","false","false","false","0","0"
"gid://shopify/Product/11000485314898","Fototapete Tropische Palmenlandschaft in sanften Naturtönen","fototapete-tropische-palmenlandschaft-in-sanften-naturtoenen","","","","","","BLOCKED_EN_TITLE_MISSING","false","false","false","false","0","0"
"gid://shopify/Product/11000474796370","Fototapete Tropische Dschungelblätter in sattem Grün","fototapete-tropische-dschungelblaetter-in-sattem-gruen","","","","","","BLOCKED_EN_TITLE_MISSING","false","false","false","false","0","0"
"gid://shopify/Product/11000346018130","Fototapete Ozeanwellen aus der Luft","fototapete-ozeanwellen-aus-der-luft","","","","","","BLOCKED_EN_TITLE_MISSING","false","false","false","false","0","0"
"gid://shopify/Product/10997808824658","Fototapete Tropische Blätter in Naturtönen","fototapete-tropische-blaetter-in-naturtoenen","","","","","","BLOCKED_EN_TITLE_MISSING","false","false","false","false","0","0"
"gid://shopify/Product/10997772124498","Fototapete Meereswellen aus der Vogelperspektive","fototapete-meereswellen-aus-der-vogelperspektive","","","","","","BLOCKED_EN_TITLE_MISSING","false","false","false","false","0","0"
"gid://shopify/Product/10997765636434","Fototapete Türkisblaues Wasser mit Lichtreflexen","fototapete-tuerkisblaues-wasser-mit-lichtreflexen","","","","","","BLOCKED_EN_TITLE_MISSING","false","false","false","false","0","0"
"gid://shopify/Product/10997759148370","Fototapete Schimmernde Wasserreflexe in Pastell","fototapete-schimmernde-wasserreflexe-in-pastell","","","","","","BLOCKED_EN_TITLE_MISSING","false","false","false","false","0","0"
"gid://shopify/Product/10997755543890","Fototapete Tropischer Wasserfall mit exotischen Vögeln","fototapete-tropischer-wasserfall-mit-exotischen-voegeln","","","","","","BLOCKED_EN_TITLE_MISSING","false","false","false","false","0","0"
"gid://shopify/Product/10997754855762","Fototapete Eleganter Pfau im romantischen Garten","fototapete-eleganter-pfau-im-romantischen-garten","","","","","","BLOCKED_EN_TITLE_MISSING","false","false","false","false","0","0"
"gid://shopify/Product/10997754134866","Fototapete Exotischer Vogel im tropischen Regenwald","fototapete-exotischer-vogel-im-tropischen-regenwald","","","","","","BLOCKED_EN_TITLE_MISSING","false","false","false","false","0","0"
"gid://shopify/Product/10997752856914","Fototapete Nebelwald mit Tannenpanorama","fototapete-nebelwald-mit-tannenpanorama","","","","","","BLOCKED_EN_TITLE_MISSING","false","false","false","false","0","0"
"gid://shopify/Product/10997751873874","Fototapete Mystischer Nebelwald in sattem Grün","fototapete-mystischer-nebelwald-in-sattem-gruen","","","","","","BLOCKED_EN_TITLE_MISSING","false","false","false","false","0","0"
"gid://shopify/Product/10997747155282","Fototapete Tropischer Fluss im üppigen Regenwald","fototapete-tropischer-fluss-im-ueppigen-regenwald","","","","","","BLOCKED_EN_TITLE_MISSING","false","false","false","false","0","0"
"gid://shopify/Product/10997738570066","Fototapete Mystischer Regenwald im Morgennebel","fototapete-mystischer-regenwald-im-morgennebel","","","","","","BLOCKED_EN_TITLE_MISSING","false","false","false","false","0","0"
"gid://shopify/Product/10997730181458","Fototapete Buntes Märchenschloss im Pastellstil für Mädchenzimmer","fototapete-buntes-maerchenschloss-im-pastellstil-fuer-maedchenzimmer","","","","","","BLOCKED_EN_TITLE_MISSING","false","false","false","false","0","0"
"gid://shopify/Product/10997729132882","Fototapete Zauberschloss in den Wolken mit rosa Ballons für Mädchenzimmer","fototapete-zauberschloss-in-den-wolken-mit-rosa-ballons-fuer-maedchenzimmer","","","","","","BLOCKED_EN_TITLE_MISSING","false","false","false","false","0","0"
"gid://shopify/Product/10997728313682","Fototapete Meerjungfrauen im zauberhaften Unterwasserreich für Mädchenzimmer","fototapete-meerjungfrauen-im-zauberhaften-unterwasserreich-fuer-maedchenzimmer","","","","","","BLOCKED_EN_TITLE_MISSING","false","false","false","false","0","0"
"gid://shopify/Product/10997727363410","Fototapete Magisches Einhorn auf Blumenwiese für Mädchenzimmer","fototapete-magisches-einhorn-auf-blumenwiese-fuer-maedchenzimmer","","","","","","BLOCKED_EN_TITLE_MISSING","false","false","false","false","0","0"
"gid://shopify/Product/10997721956690","Fototapete Magisches Einhorn mit Regenbogenmähne für Mädchenzimmer","fototapete-magisches-einhorn-mit-regenbogenmaehne-fuer-maedchenzimmer","","","","","","BLOCKED_EN_TITLE_MISSING","false","false","false","false","0","0"
"gid://shopify/Product/10997717401938","Fototapete Einhorn über den Wolken mit Regenbogen für Mädchenzimmer","fototapete-einhorn-ueber-den-wolken-mit-regenbogen-fuer-maedchenzimmer","","","","","","BLOCKED_EN_TITLE_MISSING","false","false","false","false","0","0"
"gid://shopify/Product/10997716386130","Fototapete Abstrakte Blüten in Pastellfarben","fototapete-abstrakte-blueten-in-pastellfarben","","","","","","BLOCKED_EN_TITLE_MISSING","false","false","false","false","0","0"
"gid://shopify/Product/10997715272018","Fototapete Aquarell Lavendelfeld in Pastell für Mädchenzimmer","fototapete-aquarell-lavendelfeld-in-pastell-fuer-maedchenzimmer","","","","","","BLOCKED_EN_TITLE_MISSING","false","false","false","false","0","0"
"gid://shopify/Product/10997711176018","Fototapete Koalas im tropischen Dschungel für Kinderzimmer","fototapete-koalas-im-tropischen-dschungel-fuer-kinderzimmer","","","","","","BLOCKED_EN_TITLE_MISSING","false","false","false","false","0","0"
"gid://shopify/Product/10997709701458","Fototapete Piratenschiff an tropischem Strand für Jungenzimmer","fototapete-piratenschiff-an-tropischem-strand-fuer-jungenzimmer","","","","","","BLOCKED_EN_TITLE_MISSING","false","false","false","false","0","0"
"gid://shopify/Product/10997708194130","Fototapete T-Rex in dramatischer Berglandschaft für Jungenzimmer","fototapete-t-rex-in-dramatischer-berglandschaft-fuer-jungenzimmer","","","","","","BLOCKED_EN_TITLE_MISSING","false","false","false","false","0","0"
"gid://shopify/Product/10997706326354","Fototapete Dinosaurier in majestätischer Berglandschaft für Jungenzimmer","fototapete-dinosaurier-in-majestaetischer-berglandschaft-fuer-jungenzimmer","","","","","","BLOCKED_EN_TITLE_MISSING","false","false","false","false","0","0"
"gid://shopify/Product/10997698265426","Fototapete Aquarell Dinosaurier in Berglandschaft für Jungenzimmer","fototapete-aquarell-dinosaurier-in-berglandschaft-fuer-jungenzimmer","","","","","","BLOCKED_EN_TITLE_MISSING","false","false","false","false","0","0"
"gid://shopify/Product/10997696856402","Fototapete Retro Sportwagen bei Nacht in der Neonstadt","fototapete-retro-sportwagen-bei-nacht-in-der-neonstadt","","","","","","BLOCKED_EN_TITLE_MISSING","false","false","false","false","0","0"
"gid://shopify/Product/10997676343634","Fototapete Sportwagen in Action für Jungenzimmer","fototapete-sportwagen-in-action-fuer-jungenzimmer","","","","","","BLOCKED_EN_TITLE_MISSING","false","false","false","false","0","0"
"gid://shopify/Product/10997667332434","Fototapete Pastell Wolken mit Mond und Sternen","fototapete-pastell-wolken-mit-mond-und-sternen","","","","","","BLOCKED_EN_TITLE_MISSING","false","false","false","false","0","0"
"gid://shopify/Product/10997665005906","Fototapete Aquarell Waldtiere mit Rehen und Hasen","fototapete-aquarell-waldtiere-mit-rehen-und-hasen","","","","","","BLOCKED_EN_TITLE_MISSING","false","false","false","false","0","0"
"gid://shopify/Product/10997662679378","Fototapete Aquarell Safari mit Dschungeltieren","fototapete-aquarell-safari-mit-dschungeltieren","","","","","","BLOCKED_EN_TITLE_MISSING","false","false","false","false","0","0"
"gid://shopify/Product/10997652750674","Fototapete Aquarell Heißluftballons mit Hasen","fototapete-aquarell-heissluftballons-mit-hasen","","","","","","BLOCKED_EN_TITLE_MISSING","false","false","false","false","0","0"
"gid://shopify/Product/10997641740626","Fototapete Pastell Regenbogen mit Blumenlandschaft","fototapete-pastell-regenbogen-mit-blumenlandschaft","","","","","","BLOCKED_EN_TITLE_MISSING","false","false","false","false","0","0"
"gid://shopify/Product/10997621752146","Fototapete Aquarell Safari mit Heißluftballons","fototapete-aquarell-safari-mit-heissluftballons","","","","","","BLOCKED_EN_TITLE_MISSING","false","false","false","false","0","0"
"gid://shopify/Product/10992259268946","Fototapete Retro Sportwagen mit Palmen bei Sonnenuntergang","fototapete-retro-sportwagen-mit-palmen-bei-sonnenuntergang","","","","","","BLOCKED_EN_TITLE_MISSING","false","false","false","false","0","0"